Nombre del producto,URL de la imagen
AMD Procesador de escritorio desbloqueado Ryzen™ 9 9900X de 12 núcleos y 24 hilos,./amazon_html_files/61dukbEGziL._AC_UY218_.jpg
AMD Procesador de escritorio desbloqueado Ryzen™ 9 9950X de 16 núcleos y 32 hilos,./amazon_html_files/61dukbEGziL._AC_UY218_.jpg
AMD Procesador de escritorio RYZEN 7 9800X3D de 8 núcleos y 16 hilos,./amazon_html_files/71aHvYUgX1L._AC_UY218_.jpg
AMD Procesador de escritorio desbloqueado Ryzen 9 7900X de 12 núcleos y 24 hilos,./amazon_html_files/51OEiWrUtqL._AC_UY218_.jpg
AMD Procesador de escritorio desbloqueado Ryzen 9 7950X de 16 núcleos y 32 hilos,./amazon_html_files/5116zdA9uyL._AC_UY218_.jpg
AMD Procesador de escritorio desbloqueado Ryzen™ 7 9700X de 8 núcleos y 16 hilos,./amazon_html_files/61F3ZChalyL._AC_UY218_.jpg
AMD Procesador de escritorio Ryzen™ 9 7950X3D de 16 núcleos y 32 hilos,./amazon_html_files/51jNS8epPeL._AC_UY218_.jpg
AMD Ryzen 9 5950X Procesador de escritorio desbloqueado de 16 núcleos y 32 hilos,./amazon_html_files/61ISSSA+x+L._AC_UY218_.jpg
AMD Procesador de escritorio desbloqueado Ryzen™ 9 5900XT de 16 núcleos y 32 hilos,./amazon_html_files/51cCp1eCm5L._AC_UY218_.jpg
"AMD Ryzen™ 9 7950X 16 núcleos, 32 hilos desbloqueado procesador de escritorio ASUS ROG Strix B650-A Gaming WiFi 6E AM5(LGA1718) Ryzen 7000 Gaming Motherboard (12+2 etapas de potencia, DDR5, 3xM.2",./amazon_html_files/51SOBPW2VgL._AC_UY218_.jpg
AMD Procesador de escritorio desbloqueado Ryzen 9 5900X de 12 núcleos y 24 hilos,./amazon_html_files/519sh50JZhL._AC_UY218_.jpg
AMD Procesador de escritorio desbloqueado Ryzen™ 7 5800XT de 8 núcleos y 16 hilos,./amazon_html_files/51kIHB4GNYL._AC_UY218_.jpg
AMD Procesador de escritorio Ryzen™ 9 7900X3D de 12 núcleos y 24 hilos,./amazon_html_files/71c8YCNSdHL._AC_UY218_.jpg
INLAND Micro Center AMD Ryzen 9 7950X 16-Core 32-Thread AM5 Procesador de escritorio desbloqueado con GIGABYTE X670 AORUS Elite AM5 DDR5 PCIe 5.0 WiFi 6E ATX placa base,./amazon_html_files/71L6oh1p7WL._AC_UY218_.jpg
AMD Procesador de escritorio desbloqueado Ryzen 7 5700X de 8 núcleos y 16 hilos,./amazon_html_files/51gRv8z+K6L._AC_UY218_.jpg
AMD Procesador de escritorio desbloqueado Ryzen™ 5 9600X de 6 núcleos y 12 hilos,./amazon_html_files/61chmsPYnqL._AC_UY218_.jpg
